state,year,numHSgrads,medianHHincome
Alabama,1998,36244,"36,266"
Alaska,1998,6810,"50,692"
Arizona,1998,35728,"37,090"
Arkansas,1998,26896,"27,665"
California,1998,299221,"40,934"
Colorado,1998,36958,"46,599"
Connecticut,1998,28284,"46,508"
Delaware,1998,6484,"41,458"
District Of Columbia,1998,2675,"33,433"
Florida,1998,102386,"34,909"
Georgia,1998,59227,"38,665"
Hawaii,1998,9714,"40,827"
Idaho,1998,15716,"36,680"
Illinois,1998,112556,"43,178"
Indiana,1998,58964,"39,731"
Iowa,1998,34378,"37,019"
Kansas,1998,28685,"36,711"
Kentucky,1998,37048,"36,252"
Louisiana,1998,37802,"31,735"
Maine,1998,11988,"35,640"
Maryland,1998,46214,"50,016"
Massachusetts,1998,51465,"42,345"
Michigan,1998,94125,"41,821"
Minnesota,1998,56964,"47,926"
Mississippi,1998,24198,"29,120"
Missouri,1998,52531,"40,201"
Montana,1998,10925,"31,577"
Nebraska,1998,20550,"36,413"
Nevada,1998,13892,"39,756"
New Hampshire,1998,11251,"44,958"
New Jersey,1998,67410,"49,826"
New Mexico,1998,17317,"31,543"
New York,1998,139426,"37,394"
North Carolina,1998,60081,"35,838"
North Dakota,1998,8388,"30,304"
Ohio,1998,111112,"38,925"
Oklahoma,1998,36556,"33,727"
Oregon,1998,28245,"39,067"
Pennsylvania,1998,112632,"39,015"
Rhode Island,1998,8179,"40,686"
South Carolina,1998,31495,"33,267"
South Dakota,1998,8757,"32,786"
Tennessee,1998,40823,"34,091"
Texas,1998,203393,"35,783"
Utah,1998,31574,"44,299"
Vermont,1998,6521,"39,372"
Virginia,1998,63875,"43,354"
Washington,1998,55418,"47,421"
West Virginia,1998,19889,"26,704"
Wisconsin,1998,58312,"41,327"
Wyoming,1998,6348,"35,250"
Alabama,1999,37819,"36,251"
Alaska,1999,6615,"51,396"
Arizona,1999,38304,"36,995"
Arkansas,1999,27335,"29,682"
California,1999,309866,"43,629"
Colorado,1999,38924,"48,177"
Connecticut,1999,31562,"50,593"
Delaware,1999,6108,"46,628"
District Of Columbia,1999,2695,"38,670"
Florida,1999,106708,"35,831"
Georgia,1999,62563,"39,425"
Hawaii,1999,10437,"44,504"
Idaho,1999,16170,"35,800"
Illinois,1999,111835,"46,330"
Indiana,1999,57012,"40,838"
Iowa,1999,33926,"41,098"
Kansas,1999,29102,"37,348"
Kentucky,1999,36830,"33,738"
Louisiana,1999,38430,"32,654"
Maine,1999,12211,"38,862"
Maryland,1999,47849,"52,205"
Massachusetts,1999,52950,"44,005"
Michigan,1999,97679,"46,089"
Minnesota,1999,57372,"47,038"
Mississippi,1999,24232,"32,478"
Missouri,1999,52848,"41,383"
Montana,1999,10903,"31,038"
Nebraska,1999,20149,"38,626"
Nevada,1999,14551,"41,461"
New Hampshire,1999,11829,"46,055"
New Jersey,1999,74420,"49,734"
New Mexico,1999,18031,"32,574"
New York,1999,141731,"39,989"
North Carolina,1999,62140,"37,254"
North Dakota,1999,8606,"32,663"
Ohio,1999,111668,"39,489"
Oklahoma,1999,37646,"32,683"
Oregon,1999,30151,"40,619"
Pennsylvania,1999,113959,"37,758"
Rhode Island,1999,8477,"42,719"
South Carolina,1999,31617,"36,462"
South Dakota,1999,9278,"35,828"
Tennessee,1999,41568,"36,522"
Texas,1999,212925,"38,688"
Utah,1999,32501,"46,050"
Vermont,1999,6675,"41,584"
Virginia,1999,65596,"45,693"
Washington,1999,57597,"45,473"
West Virginia,1999,19437,"29,297"
Wisconsin,1999,58545,"45,667"
Wyoming,1999,6462,"37,248"
Alabama,2000,37082,"35,424"
Alaska,2000,6812,"52,847"
Arizona,2000,46733,"39,783"
Arkansas,2000,27100,"29,697"
California,2000,315189,"46,816"
Colorado,2000,39241,"48,240"
Connecticut,2000,30388,"50,172"
Delaware,2000,6614,"50,365"
District Of Columbia,2000,2808,"41,222"
Florida,2000,111112,"38,856"
Georgia,2000,62499,"41,901"
Hawaii,2000,10102,"51,546"
Idaho,2000,15941,"37,611"
Illinois,2000,110624,"46,064"
Indiana,2000,56172,"40,865"
Iowa,2000,33774,"40,991"
Kansas,2000,29360,"41,059"
Kentucky,2000,36957,"36,265"
Louisiana,2000,38314,"30,718"
Maine,2000,12654,"37,266"
Maryland,2000,49222,"54,535"
Massachusetts,2000,54393,"46,753"
Michigan,2000,96515,"45,512"
Minnesota,2000,56581,"54,251"
Mississippi,2000,23748,"34,299"
Missouri,2000,54138,"45,097"
Montana,2000,10628,"32,777"
Nebraska,2000,19658,"41,750"
Nevada,2000,15127,"45,758"
New Hampshire,2000,12294,"50,926"
New Jersey,2000,76130,"50,405"
New Mexico,2000,18199,"35,093"
New York,2000,141884,"40,744"
North Carolina,2000,63288,"38,317"
North Dakota,2000,8445,"35,996"
Ohio,2000,111281,"42,962"
Oklahoma,2000,37458,"32,432"
Oregon,2000,29939,"42,499"
Pennsylvania,2000,114436,"42,176"
Rhode Island,2000,8603,"42,197"
South Carolina,2000,30026,"37,570"
South Dakota,2000,8881,"36,475"
Tennessee,2000,40642,"34,096"
Texas,2000,215316,"38,609"
Utah,2000,31036,"47,550"
Vermont,2000,6856,"39,594"
Virginia,2000,66067,"47,163"
Washington,2000,55081,"42,525"
West Virginia,2000,18440,"29,411"
Wisconsin,2000,59341,"45,088"
Wyoming,2000,6071,"39,629"
Alabama,2001,35887,"35,160"
Alaska,2001,6945,"57,363"
Arizona,2001,47175,"42,704"
Arkansas,2001,26984,"33,339"
California,2001,325895,"47,262"
Colorado,2001,40760,"49,397"
Connecticut,2001,32327,"53,347"
Delaware,2001,6482,"49,602"
District Of Columbia,2001,3090,"41,169"
Florida,2001,119537,"36,421"
Georgia,2001,65983,"42,576"
Hawaii,2001,10452,"47,439"
Idaho,2001,15874,"38,241"
Illinois,2001,116657,"46,171"
Indiana,2001,56722,"40,379"
Iowa,2001,33789,"40,976"
Kansas,2001,29541,"41,415"
Kentucky,2001,36337,"38,437"
Louisiana,2001,37905,"33,322"
Maine,2001,12593,"36,612"
Maryland,2001,50881,"53,530"
Massachusetts,2001,55272,"52,253"
Michigan,2001,95001,"45,047"
Minnesota,2001,57440,"52,681"
Mississippi,2001,23740,"30,161"
Missouri,2001,54487,"41,339"
Montana,2001,10554,"32,126"
Nebraska,2001,19910,"43,611"
Nevada,2001,16270,"45,403"
New Hampshire,2001,12452,"51,331"
New Jersey,2001,77664,"51,771"
New Mexico,2001,18094,"33,124"
New York,2001,140139,"42,114"
North Carolina,2001,65955,"38,162"
North Dakota,2001,8114,"35,793"
Ohio,2001,110608,"41,785"
Oklahoma,2001,36852,"35,609"
Oregon,2001,31153,"41,273"
Pennsylvania,2001,114943,"43,499"
Rhode Island,2001,9006,"45,723"
South Carolina,2001,31302,"37,736"
South Dakota,2001,8796,"39,671"
Tennessee,2001,40894,"35,783"
Texas,2001,225167,"40,860"
Utah,2001,30183,"47,342"
Vermont,2001,7083,"40,794"
Virginia,2001,66519,"50,241"
Washington,2001,58311,"42,490"
West Virginia,2001,17128,"29,673"
Wisconsin,2001,60575,"45,346"
Wyoming,2001,6106,"39,719"
Alabama,2002,36741,"37,603"
Alaska,2002,7297,"52,774"
Arizona,2002,49986,"39,734"
Arkansas,2002,27555,"32,387"
California,2002,341097,"47,437"
Colorado,2002,42379,"48,294"
Connecticut,2002,33667,"53,387"
Delaware,2002,6817,"49,650"
District Of Columbia,2002,2725,"39,070"
Florida,2002,127484,"38,024"
Georgia,2002,66890,"42,939"
Hawaii,2002,10013,"47,303"
Idaho,2002,15858,"37,715"
Illinois,2002,117507,"42,710"
Indiana,2002,57897,"41,047"
Iowa,2002,34860,"41,049"
Kansas,2002,29963,"42,619"
Kentucky,2002,37654,"36,762"
Louisiana,2002,37610,"34,008"
Maine,2002,12947,"36,853"
Maryland,2002,51864,"56,407"
Massachusetts,2002,55987,"49,855"
Michigan,2002,100301,"42,715"
Minnesota,2002,59432,"54,622"
Mississippi,2002,23810,"30,882"
Missouri,2002,56925,"42,776"
Montana,2002,10657,"34,835"
Nebraska,2002,20161,"42,796"
Nevada,2002,16378,"44,958"
New Hampshire,2002,13210,"55,321"
New Jersey,2002,81391,"54,568"
New Mexico,2002,16923,"35,457"
New York,2002,143818,"41,966"
North Carolina,2002,69696,"36,515"
North Dakota,2002,8169,"36,200"
Ohio,2002,115762,"42,684"
Oklahoma,2002,36694,"36,458"
Oregon,2002,32587,"41,802"
Pennsylvania,2002,119933,"42,498"
Rhode Island,2002,9318,"42,417"
South Carolina,2002,32482,"37,812"
South Dakota,2002,8999,"37,873"
Tennessee,2002,44113,"37,030"
Texas,2002,238111,"40,149"
Utah,2002,29527,"47,861"
Vermont,2002,6970,"42,999"
Virginia,2002,72943,"49,631"
Washington,2002,60435,"45,183"
West Virginia,2002,17287,"29,359"
Wisconsin,2002,63272,"45,903"
Wyoming,2002,5845,"39,763"
Alabama,2003,36464,"37,255"
Alaska,2003,7236,"51,837"
Arizona,2003,45508,"41,166"
Arkansas,2003,27181,"32,002"
California,2003,343480,"49,300"
Colorado,2003,44777,"49,940"
Connecticut,2003,34573,"54,965"
Delaware,2003,6951,"49,019"
District Of Columbia,2003,3031,"45,044"
Florida,2003,131418,"38,972"
Georgia,2003,68550,"42,438"
Hawaii,2003,10324,"51,834"
Idaho,2003,15547,"42,372"
Illinois,2003,124763,"45,153"
Indiana,2003,56008,"42,425"
Iowa,2003,34339,"41,384"
Kansas,2003,30155,"44,232"
Kentucky,2003,37787,"36,936"
Louisiana,2003,37019,"33,507"
Maine,2003,13278,"37,113"
Maryland,2003,52870,"52,314"
Massachusetts,2003,58326,"50,955"
Michigan,2003,98823,"45,022"
Minnesota,2003,59096,"52,823"
Mississippi,2003,23735,"32,728"
Missouri,2003,57983,"43,762"
Montana,2003,10500,"34,108"
Nebraska,2003,20309,"43,974"
Nevada,2003,15201,"45,184"
New Hampshire,2003,13309,"55,567"
New Jersey,2003,83826,"56,045"
New Mexico,2003,17892,"35,105"
New York,2003,"142,526","42,788"
North Carolina,2003,72126,"37,279"
North Dakota,2003,7888,"40,410"
Ohio,2003,119029,"43,520"
Oklahoma,2003,36799,"35,902"
Oregon,2003,32958,"41,638"
Pennsylvania,2003,123474,"42,933"
Rhode Island,2003,9258,"44,711"
South Carolina,2003,33235,"38,479"
South Dakota,2003,9001,"39,522"
Tennessee,2003,46096,"37,523"
Texas,2003,244165,"39,271"
Utah,2003,30252,"49,275"
Vermont,2003,7100,"43,261"
Virginia,2003,72042,"54,783"
Washington,2003,61274,"47,508"
West Virginia,2003,17339,"32,763"
Wisconsin,2003,"62,784","46,269"
Wyoming,2003,5833,"42,555"
Alabama,2004,37453,"36,629"
Alaska,2004,6909,"55,063"
Arizona,2004,59498,"43,846"
Arkansas,2004,26621,"34,984"
California,2004,355217,"49,222"
Colorado,2004,44532,"50,886"
Connecticut,2004,35515,"55,100"
Delaware,2004,6934,"48,049"
District Of Columbia,2004,2781,"43,451"
Florida,2004,133318,"40,535"
Georgia,2004,70834,"40,984"
Hawaii,2004,10813,"56,242"
Idaho,2004,15768,"44,358"
Illinois,2004,123615,"46,077"
Indiana,2004,55444,"42,329"
Iowa,2004,33547,"43,391"
Kansas,2004,30355,"41,066"
Kentucky,2004,38399,"35,610"
Louisiana,2004,36009,"36,429"
Maine,2004,13077,"41,329"
Maryland,2004,54170,"57,103"
Massachusetts,2004,59665,"52,019"
Michigan,2004,101582,"42,256"
Minnesota,2004,58391,"56,104"
Mississippi,2004,23523,"34,755"
Missouri,2004,57841,"42,137"
Montana,2004,10335,"33,956"
Nebraska,2004,19940,"43,786"
Nevada,2004,15740,"47,204"
New Hampshire,2004,13775,"56,815"
New Jersey,2004,86502,"55,275"
New Mexico,2004,17353,"39,562"
New York,2004,153203,"44,649"
North Carolina,2004,75010,"40,238"
North Dakota,2004,7555,"39,220"
Ohio,2004,116702,"43,055"
Oklahoma,2004,36227,"39,614"
Oregon,2004,32602,"40,994"
Pennsylvania,2004,124758,"44,106"
Rhode Island,2004,9881,"47,935"
South Carolina,2004,33439,"38,691"
South Dakota,2004,8585,"41,107"
Tennessee,2004,47967,"38,072"
Texas,2004,239717,"41,397"
Utah,2004,30253,"50,871"
Vermont,2004,7152,"47,329"
Virginia,2004,69597,"51,141"
Washington,2004,61094,"49,922"
West Virginia,2004,17137,"33,373"
Wisconsin,2004,63229,"45,732"
Wyoming,2004,5616,"45,397"
Alabama,2005,37918,"37,150"
Alaska,2005,7361,"55,891"
Arizona,2005,54091,"45,245"
Arkansas,2005,28790,"36,658"
California,2005,343515,"51,755"
Colorado,2005,44424,"50,449"
Connecticut,2005,36222,"56,835"
Delaware,2005,7275,"51,235"
District Of Columbia,2005,3150,"44,993"
Florida,2005,134686,"42,990"
Georgia,2005,73498,"45,926"
Hawaii,2005,10922,"59,586"
Idaho,2005,16096,"44,176"
Illinois,2005,126817,"48,398"
Indiana,2005,57920,"42,437"
Iowa,2005,33693,"46,500"
Kansas,2005,29818,"42,027"
Kentucky,2005,38449,"36,699"
Louisiana,2005,33275,"37,236"
Maine,2005,12950,"43,923"
Maryland,2005,55536,"60,512"
Massachusetts,2005,61272,"56,017"
Michigan,2005,102582,"45,933"
Minnesota,2005,58898,"54,215"
Mississippi,2005,23848,"32,875"
Missouri,2005,58417,"42,986"
Montana,2005,10283,"37,313"
Nebraska,2005,19764,"47,923"
Nevada,2005,16455,"48,209"
New Hampshire,2005,13988,"56,984"
New Jersey,2005,90049,"63,368"
New Mexico,2005,17822,"38,947"
New York,2005,161817,"47,176"
North Carolina,2005,76710,"42,056"
North Dakota,2005,7192,"42,192"
Ohio,2005,117356,"44,203"
Oklahoma,2005,36497,"37,645"
Oregon,2005,32394,"44,159"
Pennsylvania,2005,127830,"46,300"
Rhode Island,2005,10108,"49,484"
South Carolina,2005,34970,"40,230"
South Dakota,2005,8589,"43,151"
Tennessee,2005,50880,"39,406"
Texas,2005,240485,"41,422"
Utah,2005,29050,"54,813"
Vermont,2005,6779,"50,704"
Virginia,2005,69597,"51,914"
Washington,2005,60213,"50,646"
West Virginia,2005,16763,"36,445"
Wisconsin,2005,63003,"44,650"
Wyoming,2005,5527,"44,718"
Alabama,2006,38912,"37,952"
Alaska,2006,7666,"56,418"
Arizona,2006,55954,"46,657"
Arkansas,2006,27166,"37,057"
California,2006,356641,"55,319"
Colorado,2006,45628,"55,697"
Connecticut,2006,37541,"62,404"
Delaware,2006,7205,"52,438"
District Of Columbia,2006,2944,"48,477"
Florida,2006,142284,"45,676"
Georgia,2006,77829,"49,344"
Hawaii,2006,11063,"60,470"
Idaho,2006,16242,"46,213"
Illinois,2006,130220,"48,671"
Indiana,2006,59887,"45,407"
Iowa,2006,34127,"48,126"
Kansas,2006,30139,"45,552"
Kentucky,2006,39099,"39,485"
Louisiana,2006,34274,"36,488"
Maine,2006,13151,"45,642"
Maryland,2006,57564,"63,668"
Massachusetts,2006,63903,"55,330"
Michigan,2006,111838,"48,647"
Minnesota,2006,59497,"56,211"
Mississippi,2006,24186,"34,733"
Missouri,2006,60275,"44,579"
Montana,2006,10122,"41,105"
Nebraska,2006,19873,"48,145"
Nevada,2006,17149,"52,282"
New Hampshire,2006,14452,"61,970"
New Jersey,2006,93013,"68,059"
New Mexico,2006,16131,"40,028"
New York,2006,168333,"48,222"
North Carolina,2006,76031,"39,797"
North Dakota,2006,7159,"41,047"
Ohio,2006,117658,"45,900"
Oklahoma,2006,37100,"38,838"
Oregon,2006,33446,"47,091"
Pennsylvania,2006,128603,"48,477"
Rhode Island,2006,10384,"53,736"
South Carolina,2006,35108,"39,617"
South Dakota,2006,8346,"45,427"
Tennessee,2006,54502,"40,693"
Texas,2006,241193,"43,307"
Utah,2006,28276,"54,628"
Vermont,2006,7317,"51,981"
Virginia,2006,73997,"57,119"
Washington,2006,62801,"54,723"
West Virginia,2006,17407,"38,419"
Wisconsin,2006,63968,"51,692"
Wyoming,2006,5441,"47,041"
Alabama,2007,41346,"42,212"
Alaska,2007,7855,"62,993"
Arizona,2007,61667,"47,215"
Arkansas,2007,28725,"40,795"
California,2007,374561,"55,734"
Colorado,2007,46082,"61,141"
Connecticut,2007,38419,"64,141"
Delaware,2007,7388,"54,589"
District Of Columbia,2007,3352,"50,783"
Florida,2007,149046,"45,794"
Georgia,2007,83505,"48,641"
Hawaii,2007,11613,"64,022"
Idaho,2007,16567,"49,184"
Illinois,2007,135143,"52,506"
Indiana,2007,61901,"47,453"
Iowa,2007,34573,"48,908"
Kansas,2007,30737,"48,497"
Kentucky,2007,39339,"39,452"
Louisiana,2007,34401,"41,313"
Maine,2007,14350,"47,894"
Maryland,2007,59171,"65,630"
Massachusetts,2007,65197,"58,463"
Michigan,2007,115183,"49,370"
Minnesota,2007,60409,"58,058"
Mississippi,2007,24795,"37,279"
Missouri,2007,61717,"46,005"
Montana,2007,10396,"43,655"
Nebraska,2007,20035,"49,174"
Nevada,2007,18815,"54,058"
New Hampshire,2007,14982,"67,576"
New Jersey,2007,94994,"60,508"
New Mexico,2007,18264,"44,356"
New York,2007,176310,"48,944"
North Carolina,2007,83307,"43,513"
North Dakota,2007,6999,"47,205"
Ohio,2007,120758,"49,099"
Oklahoma,2007,37630,"43,216"
Oregon,2007,34949,"50,236"
Pennsylvania,2007,130298,"48,437"
Rhode Island,2007,10347,"54,210"
South Carolina,2007,35303,"44,213"
South Dakota,2007,8582,"46,418"
Tennessee,2007,57486,"41,195"
Texas,2007,252121,"46,053"
Utah,2007,28167,"53,529"
Vermont,2007,7392,"47,390"
Virginia,2007,77369,"59,161"
Washington,2007,61625,"58,080"
West Virginia,2007,17489,"42,091"
Wisconsin,2007,65183,"51,277"
Wyoming,2007,5494,"48,744"
Alabama,2008,42082,"44,476"
Alaska,2008,8008,"63,989"
Arizona,2008,62374,"46,914"
Arkansas,2008,28057,"39,586"
California,2008,372310,"57,014"
Colorado,2008,47459,"60,943"
Connecticut,2008,34968,"64,682"
Delaware,2008,7839,"50,702"
District Of Columbia,2008,3517,"55,590"
Florida,2008,153461,"44,857"
Georgia,2008,88003,"46,227"
Hawaii,2008,11508,"61,521"
Idaho,2008,16807,"47,420"
Illinois,2008,131670,"53,254"
Indiana,2008,63663,"46,520"
Iowa,2008,33926,"50,142"
Kansas,2008,30368,"47,877"
Kentucky,2008,41851,"41,148"
Louisiana,2008,35622,"39,563"
Maine,2008,14093,"47,228"
Maryland,2008,58304,"63,711"
Massachusetts,2008,65258,"60,320"
Michigan,2008,112742,"49,788"
Minnesota,2008,59729,"54,925"
Mississippi,2008,24505,"36,446"
Missouri,2008,62969,"46,038"
Montana,2008,10077,"42,900"
Nebraska,2008,19501,"50,728"
Nevada,2008,19904,"54,744"
New Hampshire,2008,14757,"66,176"
New Jersey,2008,95085,"65,306"
New Mexico,2008,17931,"42,102"
New York,2008,180917,"50,461"
North Carolina,2008,86712,"42,930"
North Dakota,2008,7232,"49,631"
Ohio,2008,122203,"46,934"
Oklahoma,2008,37219,"46,111"
Oregon,2008,35138,"51,727"
Pennsylvania,2008,130658,"51,402"
Rhode Island,2008,10028,"53,241"
South Carolina,2008,39114,"42,155"
South Dakota,2008,8123,"51,600"
Tennessee,2008,60368,"39,702"
Texas,2008,264275,"46,490"
Utah,2008,30463,"62,537"
Vermont,2008,7209,"50,706"
Virginia,2008,79651,"61,985"
Washington,2008,62764,"56,631"
West Virginia,2008,17690,"37,994"
Wisconsin,2008,65410,"51,200"
Wyoming,2008,5493,"53,337"
Alabama,2009,43166,"39,980"
Alaska,2009,8245,"61,604"
Arizona,2009,61145,"45,739"
Arkansas,2009,28276,"36,538"
California,2009,404987,"56,134"
Colorado,2009,49321,"55,930"
Connecticut,2009,34495,"64,851"
Delaware,2009,8133,"52,114"
District Of Columbia,2009,3602,"53,141"
Florida,2009,156130,"45,631"
Georgia,2009,91561,"43,340"
Hawaii,2009,10998,"55,649"
Idaho,2009,17793,"46,778"
Illinois,2009,139035,"52,870"
Indiana,2009,64551,"44,305"
Iowa,2009,34462,"50,721"
Kansas,2009,31642,"44,717"
Kentucky,2009,42664,"42,664"
Louisiana,2009,36573,"45,433"
Maine,2009,14069,"47,502"
Maryland,2009,59078,"64,186"
Massachusetts,2009,64462,"59,373"
Michigan,2009,110682,"45,994"
Minnesota,2009,59667,"56,090"
Mississippi,2009,25478,"35,078"
Missouri,2009,63994,"48,769"
Montana,2009,10075,"40,437"
Nebraska,2009,19370,"49,595"
Nevada,2009,20956,"51,434"
New Hampshire,2009,15034,"64,131"
New Jersey,2009,96225,"64,777"
New Mexico,2009,18595,"43,542"
New York,2009,183826,"50,216"
North Carolina,2009,88704,"41,906"
North Dakota,2009,7155,"50,075"
Ohio,2009,123437,"45,879"
Oklahoma,2009,38503,"45,878"
Oregon,2009,34671,"49,098"
Pennsylvania,2009,131182,"48,172"
Rhode Island,2009,9908,"51,634"
South Carolina,2009,40438,"41,101"
South Dakota,2009,8162,"45,826"
Tennessee,2009,62408,"40,517"
Texas,2009,280894,"47,475"
Utah,2009,31481,"58,491"
Vermont,2009,7199,"52,318"
Virginia,2009,81511,"60,501"
Washington,2009,66046,"60,392"
West Virginia,2009,17651,"40,490"
Wisconsin,2009,64687,"51,237"
Wyoming,2009,5695,"52,470"
Alabama,2010,"44,210","40,933"
Alaska,2010,"7,750","57,848"
Arizona,2010,"65,010","46,896"
Arkansas,2010,"28,110","38,587"
California,2010,"414,180","54,283"
Colorado,2010,"51,000","60,233"
Connecticut,2010,"36,910","65,998"
Delaware,2010,"8,220","55,214"
District Of Columbia,2010,"3,290","56,928"
Florida,2010,"160,570","44,066"
Georgia,2010,"93,410","44,117"
Hawaii,2010,"11,090","59,539"
Idaho,2010,"17,440","47,050"
Illinois,2010,"136,400","50,728"
Indiana,2010,"65,750","46,139"
Iowa,2010,"33,370","49,016"
Kansas,2010,"31,120","46,054"
Kentucky,2010,"41,540","41,104"
Louisiana,2010,"34,330","39,300"
Maine,2010,"14,040","47,931"
Maryland,2010,"58,010","64,201"
Massachusetts,2010,"63,320","60,934"
Michigan,2010,"107,080","46,276"
Minnesota,2010,"58,890","52,321"
Mississippi,2010,"26,160","38,160"
Missouri,2010,"62,170","45,817"
Montana,2010,"9,700","41,280"
Nebraska,2010,"19,230","52,504"
Nevada,2010,"23,460","51,200"
New Hampshire,2010,"14,330","66,633"
New Jersey,2010,"94,280","62,968"
New Mexico,2010,"18,900","45,134"
New York,2010,"185,630","49,781"
North Carolina,2010,"86,580","43,830"
North Dakota,2010,"7,060","51,006"
Ohio,2010,"110,360","45,886"
Oklahoma,2010,"37,830","43,103"
Oregon,2010,"34,690","50,602"
Pennsylvania,2010,"130,950","48,314"
Rhode Island,2010,"9,730","51,623"
South Carolina,2010,"40,050","41,698"
South Dakota,2010,"8,460","45,352"
Tennessee,2010,"62,880","38,591"
Texas,2010,"282,670","47,266"
Utah,2010,"30,850","56,701"
Vermont,2010,"6,850","55,928"
Virginia,2010,"82,080","60,367"
Washington,2010,"65,830","56,163"
West Virginia,2010,"17,260","42,777"
Wisconsin,2010,"63,020","50,351"
Wyoming,2010,"5,600","52,201"
Alabama,2011,"45,394","42,590"
Alaska,2011,"7,989","57,431"
Arizona,2011,"63,208","48,621"
Arkansas,2011,"28,419","41,302"
California,2011,"418,664","53,367"
Colorado,2011,"50,087","58,629"
Connecticut,2011,"38,681","65,415"
Delaware,2011,"8,247","54,660"
District Of Columbia,2011,"3,860","55,251"
Florida,2011,"151,964","45,105"
Georgia,2011,"90,582","45,973"
Hawaii,2011,"11,360","59,047"
Idaho,2011,"17,568","47,459"
Illinois,2011,"139,575","50,637"
Indiana,2011,"65,667","44,445"
Iowa,2011,"33,230","50,219"
Kansas,2011,"31,898","46,147"
Kentucky,2011,"42,642","39,856"
Louisiana,2011,"36,675","40,658"
Maine,2011,"13,473","49,693"
Maryland,2011,"58,811","68,876"
Massachusetts,2011,"65,157","63,313"
Michigan,2011,"105,446","48,879"
Minnesota,2011,"57,501","57,820"
Mississippi,2011,"26,158","41,090"
Missouri,2011,"61,313","45,774"
Montana,2011,"9,750","40,277"
Nebraska,2011,"20,464","55,616"
Nevada,2011,"21,891","47,043"
New Hampshire,2011,"14,426","65,880"
New Jersey,2011,"93,819","62,338"
New Mexico,2011,"20,315","41,982"
New York,2011,"180,806","50,636"
North Carolina,2011,"93,977","45,206"
North Dakota,2011,"6,942","56,361"
Ohio,2011,"123,135","44,648"
Oklahoma,2011,"37,305","48,455"
Oregon,2011,"34,261","51,526"
Pennsylvania,2011,"131,733","49,910"
Rhode Island,2011,"9,751","49,033"
South Carolina,2011,"41,442","40,084"
South Dakota,2011,"8,196","47,223"
Tennessee,2011,"62,454","42,279"
Texas,2011,"292,531","49,047"
Utah,2011,"31,157","55,493"
Vermont,2011,"6,859","51,862"
Virginia,2011,"83,336","62,616"
Washington,2011,"65,205","56,850"
West Virginia,2011,"17,603","41,821"
Wisconsin,2011,"62,705","52,058"
Wyoming,2011,"5,553","54,509"
Alabama,2012,"44,233","43,464"
Alaska,2012,"7,860","63,648"
Arizona,2012,"62,208","47,044"
Arkansas,2012,"28,928","39,018"
California,2012,"422,125","57,020"
Colorado,2012,"50,968","57,255"
Connecticut,2012,"38,722","64,247"
Delaware,2012,"8,070","48,972"
District Of Columbia,2012,"3,961","65,246"
Florida,2012,"158,029","46,071"
Georgia,2012,"92,416","48,121"
Hawaii,2012,"10,790","56,263"
Idaho,2012,"17,198","47,922"
Illinois,2012,"139,228","51,738"
Indiana,2012,"66,595","46,158"
Iowa,2012,"32,548","53,442"
Kansas,2012,"31,922","50,003"
Kentucky,2012,"42,888","41,086"
Louisiana,2012,"37,508","39,085"
Maine,2012,"13,170","49,158"
Maryland,2012,"58,896","71,836"
Massachusetts,2012,"66,360","63,656"
Michigan,2012,"104,210","50,015"
Minnesota,2012,"58,255","61,795"
Mississippi,2012,"26,502","36,641"
Missouri,2012,"61,407","49,764"
Montana,2012,"9,369","45,088"
Nebraska,2012,"20,442","52,196"
Nevada,2012,"23,038","47,333"
New Hampshire,2012,"14,262","67,819"
New Jersey,2012,"96,490","66,692"
New Mexico,2012,"19,232","43,424"
New York,2012,"180,351","47,680"
North Carolina,2012,"94,339","41,553"
North Dakota,2012,"6,900","55,766"
Ohio,2012,"122,491","44,375"
Oklahoma,2012,"37,033","48,407"
Oregon,2012,"33,899","51,775"
Pennsylvania,2012,"129,777","51,904"
Rhode Island,2012,"9,579","56,065"
South Carolina,2012,"42,246","44,401"
South Dakota,2012,"8,239","49,415"
Tennessee,2012,"61,323","42,995"
Texas,2012,"301,390","51,926"
Utah,2012,"33,186","58,341"
Vermont,2012,"6,491","55,582"
Virginia,2012,"83,279","64,632"
Washington,2012,"66,066","62,187"
West Virginia,2012,"17,924","43,553"
Wisconsin,2012,"61,425","53,079"
Wyoming,2012,"5,489","57,512"
Alabama,2013,"44,540","41,381"
Alaska,2013,"7,720","61,137"
Arizona,2013,"66,700","50,602"
Arkansas,2013,"29,610","39,919"
California,2013,"424,080","57,528"
Colorado,2013,"51,310","63,371"
Connecticut,2013,"37,860","67,781"
Delaware,2013,"8,240","52,219"
District Of Columbia,2013,"3,880","60,675"
Florida,2013,"158,440","47,886"
Georgia,2013,"94,380","47,439"
Hawaii,2013,"11,050","61,408"
Idaho,2013,"19,120","51,767"
Illinois,2013,"137,640","57,196"
Indiana,2013,"67,560","50,553"
Iowa,2013,"32,590","54,855"
Kansas,2013,"32,150","51,485"
Kentucky,2013,"42,400","42,158"
Louisiana,2013,"38,180","39,622"
Maine,2013,"12,730","50,121"
Maryland,2013,"58,120","65,262"
Massachusetts,2013,"65,200","62,963"
Michigan,2013,"102,520","48,801"
Minnesota,2013,"56,370","60,907"
Mississippi,2013,"26,650","40,850"
Missouri,2013,"60,900","50,311"
Montana,2013,"9,470","44,132"
Nebraska,2013,"20,580","53,774"
Nevada,2013,"22,720","45,369"
New Hampshire,2013,"13,790","71,322"
New Jersey,2013,"95,220","61,782"
New Mexico,2013,"18,590","42,127"
New York,2013,"178,810","53,843"
North Carolina,2013,"96,210","41,208"
North Dakota,2013,"6,960","52,888"
Ohio,2013,"119,520","46,398"
Oklahoma,2013,"37,260","43,777"
Oregon,2013,"34,440","56,307"
Pennsylvania,2013,"127,200","53,952"
Rhode Island,2013,"9,730","57,812"
South Carolina,2013,"41,720","43,749"
South Dakota,2013,"7,960","54,453"
Tennessee,2013,"60,970","42,499"
Texas,2013,"304,360","53,027"
Utah,2013,"33,400","62,967"
Vermont,2013,"6,360","54,842"
Virginia,2013,"83,100","67,620"
Washington,2013,"66,240","60,106"
West Virginia,2013,"17,510","40,241"
Wisconsin,2013,"60,810","55,258"
Wyoming,2013,"5,590","55,700"
Alabama,2014,"45,420","42,278"
Alaska,2014,"7,860","67,629"
Arizona,2014,"67,200","49,254"
Arkansas,2014,"30,350","44,922"
California,2014,"422,830","60,487"
Colorado,2014,"51,450","60,940"
Connecticut,2014,"37,160","70,161"
Delaware,2014,"8,390","57,522"
District Of Columbia,2014,"3,990","68,277"
Florida,2014,"163,740","46,140"
Georgia,2014,"97,420","49,555"
Hawaii,2014,"10,760","71,223"
Idaho,2014,"18,050","53,438"
Illinois,2014,"140,520","54,916"
Indiana,2014,"66,750","48,060"
Iowa,2014,"32,450","57,810"
Kansas,2014,"31,900","53,444"
Kentucky,2014,"42,530","42,786"
Louisiana,2014,"37,720","42,406"
Maine,2014,"12,560","51,710"
Maryland,2014,"57,650","76,165"
Massachusetts,2014,"65,790","63,151"
Michigan,2014,"102,020","52,005"
Minnesota,2014,"56,800","67,244"
Mississippi,2014,"26,260","35,521"
Missouri,2014,"60,590","56,630"
Montana,2014,"9,390","51,102"
Nebraska,2014,"20,650","56,870"
Nevada,2014,"23,040","49,875"
New Hampshire,2014,"13,520","73,397"
New Jersey,2014,"95,250","65,243"
New Mexico,2014,"19,530","46,686"
New York,2014,"179,110","54,310"
North Carolina,2014,"97,020","46,784"
North Dakota,2014,"7,040","60,730"
Ohio,2014,"120,940","49,644"
Oklahoma,2014,"38,420","47,199"
Oregon,2014,"34,800","58,875"
Pennsylvania,2014,"123,560","55,173"
Rhode Island,2014,"9,900","58,633"
South Carolina,2014,"42,650","44,929"
South Dakota,2014,"8,140","53,053"
Tennessee,2014,"62,010","43,716"
Texas,2014,"309,280","53,875"
Utah,2014,"34,070","63,383"
Vermont,2014,"6,240","60,708"
Virginia,2014,"82,680","66,155"
Washington,2014,"68,200","59,068"
West Virginia,2014,"17,460","39,552"
Wisconsin,2014,"60,460","58,080"
Wyoming,2014,"5,550","55,690"
Alabama,2015,"46,070","44,509"
Alaska,2015,"7,840","75,112"
Arizona,2015,"67,120","52,248"
Arkansas,2015,"30,290","42,798"
California,2015,"419,190","63,636"
Colorado,2015,"53,310","66,596"
Connecticut,2015,"37,420","72,889"
Delaware,2015,"8,480","57,756"
District Of Columbia,2015,"4,510","70,071"
Florida,2015,"166,540","48,825"
Georgia,2015,"100,070","50,768"
Hawaii,2015,"10,860","64,514"
Idaho,2015,"18,230","51,624"
Illinois,2015,"140,850","60,413"
Indiana,2015,"66,720","51,983"
Iowa,2015,"32,700","60,855"
Kansas,2015,"32,790","54,865"
Kentucky,2015,"43,280","42,387"
Louisiana,2015,"38,790","45,922"
Maine,2015,"12,790","50,756"
Maryland,2015,"57,490","73,594"
Massachusetts,2015,"68,630","67,861"
Michigan,2015,"100,800","54,203"
Minnesota,2015,"56,640","68,730"
Mississippi,2015,"26,770","40,037"
Missouri,2015,"61,600","59,196"
Montana,2015,"9,320","51,395"
Nebraska,2015,"21,090","60,474"
Nevada,2015,"23,190","52,008"
New Hampshire,2015,"13,600","75,675"
New Jersey,2015,"97,130","68,357"
New Mexico,2015,"19,480","45,119"
New York,2015,"178,260","58,005"
North Carolina,2015,"98,970","50,797"
North Dakota,2015,"7,020","57,415"
Ohio,2015,"125,050","53,301"
Oklahoma,2015,"39,690","47,077"
Oregon,2015,"35,650","60,834"
Pennsylvania,2015,"121,840","60,389"
Rhode Island,2015,"10,050","55,701"
South Carolina,2015,"43,840","46,360"
South Dakota,2015,"8,080","55,065"
Tennessee,2015,"63,480","47,330"
Texas,2015,"318,660","56,473"
Utah,2015,"35,400","66,258"
Vermont,2015,"6,090","59,494"
Virginia,2015,"84,640","61,486"
Washington,2015,"69,770","67,243"
West Virginia,2015,"17,640","42,824"
Wisconsin,2015,"60,710","55,425"
Wyoming,2015,"5,700","60,925"
Alabama,2016,"47,560","47,221"
Alaska,2016,"7,910","75,723"
Arizona,2016,"68,770","57,100"
Arkansas,2016,"30,750","45,907"
California,2016,"411,710","66,637"
Colorado,2016,"54,060","70,566"
Connecticut,2016,"37,890","75,923"
Delaware,2016,"8,690","58,046"
District Of Columbia,2016,"4,430","70,982"
Florida,2016,"170,820","51,176"
Georgia,2016,"102,050","53,527"
Hawaii,2016,"10,690","72,133"
Idaho,2016,"19,130","56,564"
Illinois,2016,"141,250","61,386"
Indiana,2016,"68,970","56,094"
Iowa,2016,"32,850","59,094"
Kansas,2016,"32,900","56,810"
Kentucky,2016,"43,280","45,369"
Louisiana,2016,"39,380","42,196"
Maine,2016,"12,640","50,856"
Maryland,2016,"57,290","73,760"
Massachusetts,2016,"68,610","72,266"
Michigan,2016,"101,570","57,091"
Minnesota,2016,"57,250","70,218"
Mississippi,2016,"26,900","41,099"
Missouri,2016,"60,890","55,016"
Montana,2016,"9,380","57,075"
Nebraska,2016,"21,130","59,374"
Nevada,2016,"23,780","55,431"
New Hampshire,2016,"13,160","76,260"
New Jersey,2016,"97,990","68,468"
New Mexico,2016,"19,770","48,451"
New York,2016,"181,790","61,437"
North Carolina,2016,"101,710","53,764"
North Dakota,2016,"6,940","60,184"
Ohio,2016,"126,590","53,985"
Oklahoma,2016,"40,230","50,943"
Oregon,2016,"34,700","59,135"
Pennsylvania,2016,"123,990","60,979"
Rhode Island,2016,"9,390","61,528"
South Carolina,2016,"45,090","54,336"
South Dakota,2016,"8,160","57,450"
Tennessee,2016,"63,710","51,344"
Texas,2016,"327,690","58,146"
Utah,2016,"36,560","67,481"
Vermont,2016,"6,010","60,837"
Virginia,2016,"84,720","66,451"
Washington,2016,"70,840","70,310"
West Virginia,2016,"17,370","44,354"
Wisconsin,2016,"60,740","59,817"
Wyoming,2016,"5,660","57,829"
Alabama,2017,"48,030","51,113"
Alaska,2017,"8,030","72,231"
Arizona,2017,"66,670","61,125"
Arkansas,2017,"30,940","48,829"
California,2017,"415,890","69,759"
Colorado,2017,"55,560","74,172"
Connecticut,2017,"37,850","72,780"
Delaware,2017,"8,780","62,318"
District Of Columbia,2017,"4,780","83,382"
Florida,2017,"175,140","53,681"
Georgia,2017,"105,810","57,016"
Hawaii,2017,"11,180","73,575"
Idaho,2017,"19,510","60,208"
Illinois,2017,"142,720","64,609"
Indiana,2017,"71,590","58,873"
Iowa,2017,"33,280","63,481"
Kansas,2017,"33,530","57,872"
Kentucky,2017,"44,160","51,348"
Louisiana,2017,"41,860","43,903"
Maine,2017,"12,690","51,664"
Maryland,2017,"59,120","81,084"
Massachusetts,2017,"69,250","73,227"
Michigan,2017,"102,940","57,700"
Minnesota,2017,"57,740","71,920"
Mississippi,2017,"28,000","43,441"
Missouri,2017,"61,380","56,885"
Montana,2017,"9,480","59,087"
Nebraska,2017,"21,800","59,619"
Nevada,2017,"24,140","56,550"
New Hampshire,2017,"13,100","74,801"
New Jersey,2017,"98,320","72,997"
New Mexico,2017,"19,900","47,855"
New York,2017,"182,400","62,447"
North Carolina,2017,"104,850","50,343"
North Dakota,2017,"6,940","59,886"
Ohio,2017,"126,900","59,768"
Oklahoma,2017,"41,030","55,006"
Oregon,2017,"34,540","64,610"
Pennsylvania,2017,"124,750","63,173"
Rhode Island,2017,"9,620","66,390"
South Carolina,2017,"46,790","54,971"
South Dakota,2017,"8,230","56,894"
Tennessee,2017,"64,290","55,240"
Texas,2017,"339,670","59,295"
Utah,2017,"37,550","71,319"
Vermont,2017,"5,740","63,805"
Virginia,2017,"87,150","71,293"
Washington,2017,"71,790","75,418"
West Virginia,2017,"17,480","45,392"
Wisconsin,2017,"61,380","63,451"
Wyoming,2017,"5,790","57,837"
Alabama,2018,"47,610","49,936"
Alaska,2018,"7,910","68,734"
Arizona,2018,"66,370","62,283"
Arkansas,2018,"31,260","49,781"
California,2018,"411,260","70,489"
Colorado,2018,"56,330","73,034"
Connecticut,2018,"37,310","72,812"
Delaware,2018,"8,940","65,012"
District Of Columbia,2018,"4,660","85,750"
Florida,2018,"177,240","54,644"
Georgia,2018,"107,740","55,821"
Hawaii,2018,"10,550","80,108"
Idaho,2018,"19,780","58,728"
Illinois,2018,"142,810","70,145"
Indiana,2018,"74,270","59,892"
Iowa,2018,"33,050","68,718"
Kansas,2018,"33,270","63,938"
Kentucky,2018,"44,240","54,555"
Louisiana,2018,"41,730","49,973"
Maine,2018,"12,600","58,663"
Maryland,2018,"58,430","86,223"
Massachusetts,2018,"69,610","86,345"
Michigan,2018,"101,830","60,449"
Minnesota,2018,"58,850","71,817"
Mississippi,2018,"27,360","42,781"
Missouri,2018,"60,990","61,726"
Montana,2018,"9,850","57,679"
Nebraska,2018,"21,900","67,575"
Nevada,2018,"24,610","61,864"
New Hampshire,2018,"12,910","81,346"
New Jersey,2018,"97,940","74,176"
New Mexico,2018,"19,730","48,283"
New York,2018,"181,210","67,274"
North Carolina,2018,"106,870","53,369"
North Dakota,2018,"7,120","66,505"
Ohio,2018,"125,270","61,633"
Oklahoma,2018,"41,350","54,434"
Oregon,2018,"34,920","69,165"
Pennsylvania,2018,"123,070","64,524"
Rhode Island,2018,"10,250","62,266"
South Carolina,2018,"47,060","57,444"
South Dakota,2018,"8,200","59,463"
Tennessee,2018,"65,110","56,060"
Texas,2018,"346,980","59,785"
Utah,2018,"38,160","77,067"
Vermont,2018,"5,700","70,066"
Virginia,2018,"87,260","77,151"
Washington,2018,"71,850","79,726"
West Virginia,2018,"17,140","50,573"
Wisconsin,2018,"60,700","62,629"
Wyoming,2018,"5,840","62,539"
Alabama,2019,"45,440","56,200"
Alaska,2019,"7,710","78,394"
Arizona,2019,"67,510","70,674"
Arkansas,2019,"31,640","54,539"
California,2019,"410,090","78,105"
Colorado,2019,"57,010","72,499"
Connecticut,2019,"36,670","87,291"
Delaware,2019,"8,930","74,194"
District Of Columbia,2019,"4,750","93,111"
Florida,2019,"174,180","58,368"
Georgia,2019,"107,290","56,628"
Hawaii,2019,"10,820","88,006"
Idaho,2019,"19,960","65,988"
Illinois,2019,"140,130","74,399"
Indiana,2019,"72,010","66,693"
Iowa,2019,"33,300","66,054"
Kansas,2019,"33,250","73,151"
Kentucky,2019,"43,510","55,662"
Louisiana,2019,"41,500","51,707"
Maine,2019,"12,310","66,546"
Maryland,2019,"60,940","95,572"
Massachusetts,2019,"69,390","87,707"
Michigan,2019,"97,340","64,119"
Minnesota,2019,"58,170","81,426"
Mississippi,2019,"26,620","44,787"
Missouri,2019,"60,180","60,597"
Montana,2019,"10,110","60,195"
Nebraska,2019,"22,390","73,071"
Nevada,2019,"25,080","70,906"
New Hampshire,2019,"13,010","86,900"
New Jersey,2019,"96,730","87,726"
New Mexico,2019,"19,540","53,113"
New York,2019,"182,650","71,855"
North Carolina,2019,"104,980","61,159"
North Dakota,2019,"7,070","70,031"
Ohio,2019,"123,090","64,663"
Oklahoma,2019,"41,390","59,397"
Oregon,2019,"34,500","74,413"
Pennsylvania,2019,"118,860","70,582"
Rhode Island,2019,"10,500","70,151"
South Carolina,2019,"47,100","62,028"
South Dakota,2019,"8,230","64,255"
Tennessee,2019,"63,860","56,627"
Texas,2019,"349,340","67,444"
Utah,2019,"39,000","84,523"
Vermont,2019,"5,670","74,305"
Virginia,2019,"87,080","81,313"
Washington,2019,"70,920","82,454"
West Virginia,2019,"17,070","53,706"
Wisconsin,2019,"60,060","67,355"
Wyoming,2019,"5,810","65,134"
